{
  "hash": "ba38c137",
  "configHash": "1c314046",
  "lockfileHash": "e9151821",
  "browserHash": "fbfd604b",
  "optimized": {
    "@angular/common": {
      "src": "../../../../../node_modules/@angular/common/fesm2022/common.mjs",
      "file": "@angular_common.js",
      "fileHash": "22da2e3b",
      "needsInterop": false
    },
    "@angular/common/http": {
      "src": "../../../../../node_modules/@angular/common/fesm2022/http.mjs",
      "file": "@angular_common_http.js",
      "fileHash": "f785e09c",
      "needsInterop": false
    },
    "@angular/core": {
      "src": "../../../../../node_modules/@angular/core/fesm2022/core.mjs",
      "file": "@angular_core.js",
      "fileHash": "509aeb04",
      "needsInterop": false
    },
    "@angular/forms": {
      "src": "../../../../../node_modules/@angular/forms/fesm2022/forms.mjs",
      "file": "@angular_forms.js",
      "fileHash": "2a1dd0f5",
      "needsInterop": false
    },
    "@angular/platform-browser": {
      "src": "../../../../../node_modules/@angular/platform-browser/fesm2022/platform-browser.mjs",
      "file": "@angular_platform-browser.js",
      "fileHash": "b371f194",
      "needsInterop": false
    },
    "@angular/router": {
      "src": "../../../../../node_modules/@angular/router/fesm2022/router.mjs",
      "file": "@angular_router.js",
      "fileHash": "a569e03d",
      "needsInterop": false
    }
  },
  "chunks": {
    "chunk-AE2EAELR": {
      "file": "chunk-AE2EAELR.js"
    },
    "chunk-QY7TDHNW": {
      "file": "chunk-QY7TDHNW.js"
    },
    "chunk-XWRWPJMW": {
      "file": "chunk-XWRWPJMW.js"
    },
    "chunk-BCSCV6X3": {
      "file": "chunk-BCSCV6X3.js"
    }
  }
}